global_means, global_lengths
0.65162438, 65172853
0.21038608, 65172853
0.13324812, 65172853
0.09167282, 65172853
0.06874233, 65172853
0.05194465, 65172853
0.04036323, 65172853
0.0332495, 65172853
0.02966097, 65172853
0.03055541, 65172853
