skipped_means,skipped_lengths
0.27965296,1730527
0.10072134,3247554
0.07105565,3309617
0.0497917,3151650
0.03907419,3056928
0.02980819,2900008
0.0229401,2717468
0.01861541,2599030
0.01664182,2333279
0.0524007,446578
