skipped_means, skipped_lengths
0.22300245,6283940
0.10933261,1946766
0.08235525,1586007
0.06215775,1253456
0.05339835,1069284
0.04576182,889497
0.03883762,727851
0.03566959,614529
0.03712255,476449
0.06519602,226839
